Variable,Correlation_to_Value
value_per_share,1.0
avg_margin,0.8577456136590023
avg_growth,0.7272459560728084
terminal_margin_draw,0.5622436594610932
long_run_growth_draw,0.37051335791463635
terminal_growth_draw,0.16566015207358908
nwc_pct_draw,0.054395432588603514
capex_pct_draw,0.0009459202607513757
jump_count,-0.20850176041588533
avg_wacc,-0.5854867402554592
