end_regime,count,mean,median,min,max
Bear,940,10.455180495022004,10.244049251748027,6.020749157884747,19.73169187109136
Base,1206,14.929015785307143,14.615504864081924,7.402979771701915,26.776620366862645
Bull,854,18.906298423094007,18.5455673669435,9.375851098684858,33.82051184801743
