Metric,Value
mean,14.659413851907795
median,14.063426679615853
std,4.667608192839455
p5,8.085734988327877
p10,8.952062116567891
p25,11.121703627958382
p75,17.6835980043919
p90,21.210001977044243
p95,23.15972706220495
prob_above_current,0.7943333333333333
