Variable,First Order (S1),First Order Conf,Total Order (ST),Total Order Conf
terminal_ebit_margin,0.6632588307566103,0.18778643307633006,0.6523769052698069,0.14583931600238606
wacc,0.1592710074272364,0.09821563578904272,0.19039417265169026,0.04831935851487672
long_run_growth,0.029574438284254986,0.07111875299663784,0.08209941211466336,0.022414970652262837
terminal_growth,0.03230692856268019,0.04133051655800034,0.034421746643728,0.013037236276285604
capex_pct,0.04276616323736679,0.04424472790662726,0.03412979429640855,0.009626718003321221
d_and_a_pct,0.012711124010008342,0.022993426849216722,0.012405320366043063,0.0033077362584119463
nwc_pct,-6.614022229536918e-05,0.0012668381148197446,2.6269040685250852e-05,7.030150450674418e-06
