Variable,First Order (S1),First Order Conf,Total Order (ST),Total Order Conf
terminal_ebit_margin,0.47299821847295404,0.22123698497687005,0.4843498988943904,0.17919615329141345
persistence_cap,0.043570248362192525,0.12885041428487898,0.22617659722359118,0.14856464137107367
macro_stress_level,-0.04260407445159062,0.11012339490350435,0.16609729566112072,0.12609475322335997
shrinkage,0.07009224609143401,0.1227828075050388,0.1201570033207767,0.047802933913453374
long_run_growth,0.07847009498527766,0.08629753224086124,0.07262664226182915,0.03377208197856264
bear_wacc,0.02464690392094801,0.08992119561071313,0.0639291014670566,0.02139520805543472
terminal_growth,0.0864938931692491,0.09593055908208858,0.0532953905320864,0.018523748643114613
bull_wacc,0.01990987056736119,0.05058286933055647,0.018913803375991915,0.0066913127374369705
jump_prob,0.03791501169136389,0.04279537405825981,0.015301148047410184,0.00694377846038312
