Variable,Low Case Value,Base Case Value,High Case Value,Low Delta,High Delta,Range
Terminal EBIT Margin,9.214544788277024,12.564170607737612,21.07734667198041,-3.349625819460588,8.5131760642428,11.862801883703387
Long-Run Growth,10.915494631064268,12.564170607737612,14.989329674754108,-1.6486759766733439,2.425159067016496,4.07383504368984
Capex % Revenue,13.998583396509376,12.564170607737612,10.982189556183414,1.4344127887717644,-1.581981051554198,3.0163938403259625
Start Growth,11.36415545498525,12.564170607737612,13.876087895555047,-1.2000151527523624,1.311917287817435,2.5119324405697974
Terminal Growth,11.318669290175906,12.564170607737612,13.666745544595518,-1.2455013175617058,1.1025749368579056,2.3480762544196114
WACC Path,13.959083833789968,12.564170607737612,11.656200100295795,1.3949132260523562,-0.9079705074418172,2.3028837334941734
NWC % Incremental Rev,12.600400602416272,12.564170607737612,12.52873122363163,0.03622999467865995,-0.035439384105982796,0.07166937878464275
