state,Bear,Base,Bull
Bear,0.55,0.30747656433886994,0.14252343566113002
Base,0.24524193548387094,0.55,0.204758064516129
Bull,0.16874999999999996,0.28124999999999994,0.55
