Variable,Correlation_to_Value
value_per_share,1.0
avg_margin,0.7984347813936102
avg_growth,0.7384667804577596
terminal_margin_draw,0.32724692329791916
long_run_growth_draw,0.1765267785742004
terminal_growth_draw,0.13417449956120736
nwc_pct_draw,0.0089705259313867
capex_pct_draw,0.0002903712378436865
jump_count,-0.15836565034568237
avg_wacc,-0.5182286399357895
