Variable,Correlation_to_Value
value_per_share,1.0
avg_margin,0.8458692525703575
avg_growth,0.7395974692782182
terminal_margin_draw,0.5795136784865005
long_run_growth_draw,0.5087849564120914
terminal_growth_draw,0.14148752577385476
nwc_pct_draw,0.06092049435581056
capex_pct_draw,0.0270258559492244
jump_count,-0.18917160252268667
avg_wacc,-0.5379262813579944
