end_regime,count,mean,median,min,max
Bear,940,11.543455707589196,11.196689817751782,6.064348057964222,23.775476281740303
Base,1206,16.509080043818336,15.88069469110006,7.469891737098287,32.678011349238155
Bull,854,21.448063680079212,20.855455675059694,10.564161701978309,40.04887278867538
