Horizon,mean,median,p10,p25,p75,p90,prob_above_current
1Y,15.518368802222513,15.271746366313522,9.595747725802859,12.398406014771501,18.511942907634914,21.62651316687229,0.8606
2Y,16.858631552393938,16.328656867119232,9.294671459656962,12.640072456456785,20.74491783116065,25.000040420358857,0.8552
5Y,25.48882431326694,22.11226359489136,9.042241276732092,13.83998567344965,34.5245225077569,46.56257551606652,0.859
10Y,29.91669780590582,25.842935263634857,10.506348510846466,16.13699968467533,40.54676992867519,54.741458341580596,0.899
