Horizon,mean,median,p10,p25,p75,p90,prob_above_current
1Y,8.195882216597601,8.030417655550767,5.58517509477401,6.6068110048311315,9.599532334972967,11.052938038818665,0.1426
2Y,9.283598248753941,8.934201242136965,6.0362803780047365,7.253433462910752,10.974431936066523,12.978260247869878,0.2912
5Y,12.056798737430025,11.080463864264257,6.384765504003896,8.22651591349775,14.800524190562513,18.920022953284704,0.547
10Y,13.634577668459201,12.552671949138091,7.191575246036179,9.297061139487026,16.751716267497144,21.535259931723278,0.643
