state,Bear,Base,Bull
Bear,0.48,0.3492706589826154,0.17072934101738463
Base,0.238991935483871,0.48,0.28100806451612903
Bull,0.17750000000000005,0.3425,0.48
