Metric,Value
mean,13.147449793902913
median,12.290055595337735
std,5.211466158724654
p5,6.392423669906182
p10,7.334932296690541
p25,9.25364482608968
p75,16.070419090824725
p90,20.104782889896654
p95,23.007778140886195
prob_above_current,0.6374
