Scenario,Value / Share,Upside / Downside,Avg WACC,Terminal Growth
Bear,6.616308318335187,-0.3740484088613826,0.11000000000000001,0.018
Base,12.493453564386698,0.18197290107726571,0.0998,0.03
Bull,34.55126008703392,2.2688041709587434,0.09319999999999999,0.038
