Scenario,Value / Share,Upside / Downside,Avg WACC,Terminal Growth
Bear,6.801461074283059,-0.3565315918369859,0.10900000000000001,0.02
Base,26.727766914951925,1.528643984385234,0.0995,0.035
Bull,43.994574127339376,3.1622113649327694,0.0924,0.038
