Scenario,Value / Share,Upside / Downside,Avg WACC,Terminal Growth
Bear,6.411867842819878,-0.3933899864881857,0.10900000000000001,0.02
Base,12.01082445151648,0.13631262549824785,0.0995,0.03
Bull,26.12077573090816,1.4712181391587662,0.0924,0.034
