Variable,First Order (S1),First Order Conf,Total Order (ST),Total Order Conf
terminal_ebit_margin,0.6117884536009394,0.20984283838903842,0.6783745600989407,0.15921097926306313
wacc,0.22241883161093973,0.13677790011778998,0.2301890317306626,0.06096429341325285
long_run_growth,0.08019917650839156,0.0801911661817894,0.08928707316582113,0.02859750945205167
terminal_growth,0.037993514823037,0.046209880882625926,0.03372329127838845,0.009662487900396931
d_and_a_pct,-0.0020804772868406617,0.02745896406890265,0.011353608126889287,0.0028301277181891457
capex_pct,0.0011501391231857026,0.005311469900639953,0.0004622054246726897,0.00013439877153338203
nwc_pct,-2.0373817603150018e-05,0.00015377247415601075,4.191150966384335e-07,1.136402957520751e-07
