Variable,First Order (S1),First Order Conf,Total Order (ST),Total Order Conf
terminal_ebit_margin,0.6458370520648244,0.19003680486413801,0.6618510348196135,0.15304614075447281
wacc,0.1769985965494863,0.1118484137921068,0.21895081675486924,0.07325329884090494
long_run_growth,0.04776498184859821,0.06102894635036727,0.08479012778057676,0.027404247697725863
terminal_growth,0.04543168569770699,0.044882702865631105,0.04029481906906577,0.012320052667895674
d_and_a_pct,0.012024447627114784,0.02595627920623654,0.011354625970987796,0.003761142606187166
capex_pct,0.0005461773918960695,0.005187033270470224,0.00044740709006046384,0.0001350349837038678
nwc_pct,-3.951954435885083e-05,0.0001609299971653229,4.1018324892741676e-07,1.1246971442951577e-07
