Variable,First Order (S1),First Order Conf,Total Order (ST),Total Order Conf
terminal_ebit_margin,0.6868342455354302,0.1785699821252262,0.7155840425012129,0.1852726240520711
wacc,0.17662892787174855,0.13419613791511167,0.24854298730275023,0.092648754317135
long_run_growth,0.12916009052261726,0.09314164715829057,0.09028841845710786,0.03192574617641188
terminal_growth,0.05928584956301738,0.06604558788532322,0.03759431026883633,0.010362032078369068
d_and_a_pct,0.012144942510905624,0.028738416458022314,0.012244477593178088,0.004235036313842412
capex_pct,0.0007761399287672279,0.005800254662443625,0.00047744461246495917,0.00012105479468689544
nwc_pct,2.0573981901968945e-06,0.0001674064298846215,4.813996138617705e-07,1.1745788176244793e-07
