Variable,First Order (S1),First Order Conf,Total Order (ST),Total Order Conf
terminal_ebit_margin,0.6142656995896703,0.159764831250685,0.6404006225382544,0.15532025219668644
wacc,0.20749352047971023,0.1010933594620799,0.2073154083875553,0.059702215593782276
long_run_growth,0.07744045140626488,0.0717103846285822,0.08195207310704097,0.02407630896934025
terminal_growth,0.03265504710502189,0.043108768857402543,0.03813719725923896,0.012253862446747447
d_and_a_pct,0.019221660730613495,0.022198517262850714,0.010943047610634268,0.003649338042371777
capex_pct,0.002486629927315345,0.00531875872108035,0.00042676344627764486,0.0001154970289512556
nwc_pct,-3.220583011818667e-05,0.0001333364228876939,3.91225283038678e-07,1.238897562080374e-07
