Variable,First Order (S1),First Order Conf,Total Order (ST),Total Order Conf
terminal_ebit_margin,0.686133398965492,0.17003787757530628,0.7074730739485273,0.1721367402174335
wacc,0.22339600228212525,0.1133900109527739,0.24741048591523004,0.06848820519879298
long_run_growth,0.06149003965954122,0.06271230119588111,0.09378734395185732,0.030452262396648732
terminal_growth,0.023183223104986255,0.042818365810707526,0.04552729136504827,0.01600162620940638
d_and_a_pct,0.006329641697068056,0.023262899810568078,0.012206303720368052,0.0032731565642854497
capex_pct,0.0004960164710545485,0.004973889066737585,0.00047871473191016375,0.00011630970414498669
nwc_pct,2.8779787330492964e-05,0.0001246034165367775,4.3123636298483237e-07,1.0000038333878467e-07
