Variable,First Order (S1),First Order Conf,Total Order (ST),Total Order Conf
terminal_ebit_margin,0.5027694377039245,0.1937227543730771,0.5248881097106717,0.16933696763270445
long_run_growth,0.30757812722002015,0.1460563548383637,0.32314917818765493,0.09310127702448116
wacc,0.09392254408774962,0.07817118544408949,0.16974471388764983,0.05971196300479123
terminal_growth,-0.01527173267045719,0.04225585324080982,0.02877064223407355,0.011328812214713335
capex_pct,0.024803956647694567,0.04008271711161646,0.02622599719003145,0.009241719185399828
d_and_a_pct,0.02666989270680917,0.02540378382780358,0.010798733323159452,0.003729120620254756
nwc_pct,-0.0006297167674333365,0.0013718038196726522,2.9247848977541215e-05,1.2550386512058104e-05
