Variable,First Order (S1),First Order Conf,Total Order (ST),Total Order Conf
terminal_ebit_margin,0.6866835215652436,0.16663510637430898,0.6845821036662049,0.2223923066671652
wacc,0.21069267263009622,0.12326905372232963,0.24432191949309698,0.058950768436187455
long_run_growth,0.12019687668118352,0.07224090998652336,0.10108461268383075,0.02827341377305822
terminal_growth,0.0005031865300774001,0.05594528650349884,0.03450781503601616,0.01092106870239587
d_and_a_pct,0.012431416949449325,0.030484967350249623,0.012027748992441108,0.004125772550597329
capex_pct,-0.002066960968037835,0.004276041429945963,0.00046090939940697767,0.0001496526415624588
nwc_pct,5.824663741091226e-05,0.0002086983204558477,4.241371016034249e-07,1.086300748609489e-07
