Variable,First Order (S1),First Order Conf,Total Order (ST),Total Order Conf
terminal_ebit_margin,0.6849340540666593,0.19910919946525216,0.7067193849883826,0.18126936597841767
wacc,0.22286612916255752,0.10945178822473628,0.24580518330737483,0.07064526741227475
long_run_growth,0.0604093062873689,0.06003477527388462,0.08846503336412358,0.0241538895996648
terminal_growth,0.021162194580601968,0.032011896321426855,0.038423872510606555,0.01589723170904477
d_and_a_pct,0.004425152052888083,0.025446132215353585,0.012660401583322916,0.0032212612381047286
capex_pct,0.0006383092328130694,0.005675819955723766,0.0004904106072327452,0.00014889610588991048
nwc_pct,1.437204935395558e-06,0.00012913054240668126,4.3622105264438797e-07,1.21897194686049e-07
