Variable,First Order (S1),First Order Conf,Total Order (ST),Total Order Conf
terminal_ebit_margin,0.6396476700097503,0.19217284672729623,0.6644528941707922,0.15929300312543795
wacc,0.2432684294336517,0.126562684755948,0.2454493817076471,0.0722766235454732
long_run_growth,0.04122441102093821,0.05879089122483367,0.08267114620472625,0.025595108161280772
terminal_growth,0.05744222300104615,0.04543396475527327,0.03587252690097039,0.010830005798321185
d_and_a_pct,0.012969402370912016,0.031954000683908385,0.011586012859469513,0.0031123775320527464
capex_pct,0.0006491889669424983,0.0061430378742621744,0.00045751985418497084,0.00011540881320722392
nwc_pct,-3.14241220037979e-05,0.0001435411487327808,4.2705383737673267e-07,1.2091340172397718e-07
