Variable,First Order (S1),First Order Conf,Total Order (ST),Total Order Conf
terminal_ebit_margin,0.6230559077319924,0.14500485738335597,0.660841577203647,0.19073282323417917
wacc,0.1923958710561321,0.09747124163604276,0.22240448259470644,0.07115550465691192
long_run_growth,0.08253687277239465,0.06005174981349799,0.08095745331546839,0.02359815459168247
terminal_growth,0.028047942689275553,0.039514455897412634,0.03826119125712466,0.017505732850329993
d_and_a_pct,0.002989752868111109,0.026554223042822303,0.011408012371936864,0.003286500618271414
capex_pct,0.0006107062565357919,0.005607097436055832,0.0004429690934873866,0.00012924984369079874
nwc_pct,1.2717247189513498e-05,0.00014118081743714903,4.1406684052623926e-07,1.5706746932119814e-07
