Variable,First Order (S1),First Order Conf,Total Order (ST),Total Order Conf
terminal_ebit_margin,0.5352322339332779,0.24092302814934294,0.5729322679220384,0.18753871914229714
shrinkage,0.09675805119750504,0.11436158497990334,0.1620295591639057,0.0948798311852785
persistence_cap,0.025183153400845863,0.09332054514147138,0.08981823761136688,0.08809788226526886
terminal_growth,0.06245602198931958,0.06901299768965095,0.08159735714650951,0.03609308182389266
long_run_growth,0.05288035417428285,0.07885448885000647,0.07122105524991804,0.03397830347553351
bear_wacc,0.02706054913558993,0.09332268047074412,0.07019799204015625,0.029213069732235735
macro_stress_level,0.07593580315106334,0.10468109967733946,0.03422252475764829,0.04693642764965866
bull_wacc,0.02521427456055683,0.04709316699099495,0.02582719018996329,0.00974566714381903
jump_prob,0.0035898446296016018,0.019790891199155232,0.0032404088679543835,0.001256017784343672
