Variable,First Order (S1),First Order Conf,Total Order (ST),Total Order Conf
terminal_ebit_margin,0.42904474964493716,0.22411451660527154,0.48915186590929016,0.17788017653522548
persistence_cap,0.16812714733457562,0.13295251537496386,0.17006371076389468,0.11310345046483956
macro_stress_level,-0.027172544638196964,0.10914629832045442,0.14697063638735988,0.11113215261787555
shrinkage,0.10161469620421178,0.15154624494932292,0.14586601229894042,0.07580364320191127
bear_wacc,0.10165591810873255,0.09103376318939757,0.07304475976579737,0.027932688053121525
terminal_growth,0.09156870653905427,0.0981028351182473,0.05878653178978699,0.02059671282856817
long_run_growth,0.015288050457815174,0.07943208409187712,0.055153749239133514,0.021165277092231195
bull_wacc,0.014267490108732293,0.04343724051250484,0.014461862120060188,0.005830057179619508
jump_prob,0.03179964876392622,0.04686121010632561,0.013583502624479599,0.004262301237430705
