Variable,First Order (S1),First Order Conf,Total Order (ST),Total Order Conf
terminal_ebit_margin,0.2210602130638317,0.17427936030401256,0.3887585380355651,0.16739439661653746
long_run_growth,0.19676326910437736,0.12623267902199636,0.18846001986265803,0.07128842308228506
persistence_cap,0.11328436696940695,0.14342583348436957,0.1707545320365224,0.0865963384093856
shrinkage,0.10228090188203683,0.11982657570147773,0.13454055817564436,0.06899834562722612
macro_stress_level,-0.03530358611509117,0.09825288946811456,0.11388551390367554,0.08687154163076481
terminal_growth,0.02091033471364519,0.07782197306023049,0.05595703449112952,0.02917290802108195
bear_wacc,0.05750644124289511,0.06813049600779467,0.04322129160169116,0.017667798376659754
jump_prob,-0.0014020196883292304,0.027505131526962004,0.012364393182696942,0.00577457332183093
bull_wacc,0.01180186811043145,0.033510270276936927,0.011989691464493307,0.004771411575894135
