Variable,First Order (S1),First Order Conf,Total Order (ST),Total Order Conf
terminal_ebit_margin,0.40086157156852315,0.19851004354650037,0.504096642047497,0.18887865204045587
persistence_cap,-0.05599039464976242,0.1332147259011644,0.15807860954105218,0.0845916111281591
macro_stress_level,0.05168479690481237,0.12238637833307169,0.15663464129814075,0.09253838157920918
shrinkage,0.10673284562808115,0.07906671673455773,0.09145482205721475,0.04281913708671305
terminal_growth,0.05796642765407807,0.09170445647416964,0.0648150233725365,0.02633991821708113
bear_wacc,0.030316180157743088,0.08269665079911674,0.06407243947784168,0.02356215429274662
long_run_growth,0.011957445448334303,0.07369859050831716,0.05340747537479067,0.019969087667625823
bull_wacc,0.008154378474591712,0.050030258259776056,0.018710977419332392,0.008140073718412156
jump_prob,0.023301903132778953,0.03733599860490902,0.014878924641420392,0.005218319054237601
