Variable,First Order (S1),First Order Conf,Total Order (ST),Total Order Conf
terminal_ebit_margin,0.36301582332937365,0.24308991100613997,0.44188100757198334,0.19139849689344443
persistence_cap,0.13124525460139339,0.14807408047402024,0.2049732721038818,0.13146143193768228
macro_stress_level,0.0957795367079276,0.1573287105825874,0.14556659161693802,0.10414499272614765
shrinkage,-0.027005306581239164,0.11442417686951994,0.12372282710699391,0.06544913864727696
terminal_growth,0.06460089405099625,0.07798674686972569,0.06728892078841839,0.02721599978935152
bear_wacc,0.045175959398446854,0.06941284070088322,0.06627682766689408,0.03175076821589476
long_run_growth,0.08357137237441056,0.07305371472928185,0.05120041997603402,0.02510385752326625
bull_wacc,0.03058581966184413,0.04571320935950743,0.01660148082921291,0.008095486924785511
jump_prob,-0.012381392607467755,0.0417013104579832,0.015335280981049595,0.006984479262020595
