Variable,First Order (S1),First Order Conf,Total Order (ST),Total Order Conf
terminal_ebit_margin,0.4246645014995934,0.21019101748806773,0.5108995302035191,0.18783516787536123
shrinkage,0.10875264792225982,0.11061652555073856,0.1452834503053438,0.0648513411119217
bear_wacc,0.09806159112873344,0.09542065101801764,0.07997626301120009,0.029644254013817876
long_run_growth,0.12505738611217587,0.08138748395092002,0.07741874551827231,0.03137140588969836
terminal_growth,0.024793714430287127,0.100340992936329,0.07550353216668304,0.034628047071019824
persistence_cap,-0.03478351971289243,0.13557468215543325,0.07209435002823426,0.05778572025949886
macro_stress_level,-0.05335545873820467,0.09907096735674174,0.043537079689612485,0.054774608587340436
bull_wacc,0.024615860035318203,0.05674940737692495,0.02943863227645246,0.01487480784547496
jump_prob,-0.0013181817125121197,0.024788592162459367,0.003257782731752313,0.0013258018128725492
