Variable,First Order (S1),First Order Conf,Total Order (ST),Total Order Conf
terminal_ebit_margin,0.584662296294162,0.25579463015032267,0.5287512981037902,0.20418133274389497
shrinkage,0.1210396442358624,0.1414333219563942,0.14314757684527382,0.07484913423716312
long_run_growth,0.044947489420813544,0.08648369889790163,0.08346979503697072,0.04051668278885831
bear_wacc,0.10389151593111479,0.09352769372052365,0.08287363415321962,0.029650035226168055
terminal_growth,0.1071416508059172,0.11604639139421254,0.07949071189368005,0.03125599682666778
persistence_cap,0.0638856768873271,0.07264650804546116,0.048643025905705836,0.05356656812172093
macro_stress_level,0.0752936375702672,0.1007430574280149,0.048286008750124655,0.06759228187334859
bull_wacc,0.018806055658838115,0.06342974856336973,0.029042227189467158,0.01094100570735619
jump_prob,0.009744605074406705,0.019757734190324294,0.0030911266400977105,0.0011168600588716043
