Variable,First Order (S1),First Order Conf,Total Order (ST),Total Order Conf
terminal_ebit_margin,0.47583133069089834,0.2295033627328563,0.5663831219992453,0.1947481034008185
shrinkage,0.09088863196434607,0.10111724352804137,0.1481390454237448,0.0756660102786912
terminal_growth,0.10024638282805416,0.11077352443133001,0.08576047932576593,0.03767528286649338
bear_wacc,0.10490447472875282,0.0987403412508743,0.06698920270699375,0.028317832926186615
long_run_growth,0.06381924156158807,0.09377250114301265,0.06662462022892948,0.025223127537449774
macro_stress_level,0.017193962819116407,0.069930822608065,0.05197021193679397,0.05206289090364756
persistence_cap,0.02413776023646354,0.023989463013487256,0.03981067133433735,0.03552037816940334
bull_wacc,-0.003164037252478408,0.07186766207774628,0.025849026000626885,0.009251321934658666
jump_prob,-0.005119366278141391,0.025538304723079025,0.0031751433528258077,0.0011454363040194924
