Variable,First Order (S1),First Order Conf,Total Order (ST),Total Order Conf
terminal_ebit_margin,0.5418363138948412,0.20547100039946972,0.46045529491951137,0.2212080777138866
persistence_cap,-0.014068504372583487,0.13293817675864425,0.21301670179622895,0.11893854290591487
macro_stress_level,0.2082582252077061,0.16489996475810645,0.20692874889510518,0.11715646890191705
shrinkage,0.07636848107120349,0.15245097162694204,0.12375589990132359,0.05700107519965643
bear_wacc,0.07945613017782968,0.0980214841962097,0.06815197573565628,0.025011560960711235
long_run_growth,0.04416902240505668,0.08027686520800141,0.06712022448445444,0.03086471661893311
terminal_growth,0.062066546029253586,0.07223028913554566,0.06298808558849497,0.02868398624156966
bull_wacc,0.01179532995554412,0.059558282978109216,0.024243348934535194,0.010219342791861203
jump_prob,-0.006013546522416967,0.047886922605026146,0.014360180620507397,0.005177657146077363
