Variable,First Order (S1),First Order Conf,Total Order (ST),Total Order Conf
terminal_ebit_margin,0.5068694909282314,0.21378671379932884,0.5039402223952688,0.14863909189297772
shrinkage,0.08404018049852238,0.12055706655931546,0.14702613864305422,0.07224636305570775
terminal_growth,0.11723875346412375,0.10534184993587879,0.08484013923604175,0.034428368483060086
bear_wacc,0.06427018606712061,0.10759414688402437,0.07870977795943188,0.030710062051361404
long_run_growth,0.16976625355990344,0.10610899440527692,0.07300208381425001,0.032432210177502696
persistence_cap,0.0011508636688803728,0.0244123014584888,0.04692166145328695,0.04562587885997033
macro_stress_level,-0.008400062899776545,0.031335142506767444,0.03764960370167126,0.040791657287771045
bull_wacc,0.04817413952401142,0.06593283815488446,0.032344464127110305,0.010308698975755572
jump_prob,0.011990827094967602,0.023806688314848726,0.0032758780347634485,0.0011400258519799302
