Variable,Low Case Value,Base Case Value,High Case Value,Low Delta,High Delta,Range
Terminal EBIT Margin,9.755575482451688,12.861315279282467,21.02648428020656,-3.105739796830779,8.165169000924093,11.270908797754872
Long-Run Growth,11.17829730983176,12.861315279282467,15.109029944544421,-1.683017969450706,2.247714665261954,3.93073263471266
Terminal Growth,11.518204365351659,12.861315279282467,14.055191647220962,-1.3431109139308077,1.1938763679384952,2.536987281869303
Start Growth,11.647715323892326,12.861315279282467,14.175296379027195,-1.2135999553901407,1.313981099744728,2.5275810551348687
WACC Path,14.200053587921138,12.861315279282467,11.775607574924999,1.3387383086386713,-1.0857077043574677,2.424446012996139
Capex % Revenue,13.016256358812962,12.861315279282467,12.697775815598696,0.15494107953049507,-0.1635394636837706,0.31848054321426567
NWC % Incremental Rev,12.866020950331633,12.861315279282467,12.856522990813966,0.0047056710491659715,-0.004792288468500772,0.009497959517666743
