Variable,Correlation_to_Value
value_per_share,1.0
avg_margin,0.858147083571352
avg_growth,0.7118660205956396
terminal_margin_draw,0.5537227879685589
long_run_growth_draw,0.34388536474834397
terminal_growth_draw,0.16089906813646868
nwc_pct_draw,0.07632727409252914
capex_pct_draw,0.06368283597981013
jump_count,-0.22575300584875174
avg_wacc,-0.5932629437594855
