company,ev_revenue_ntm,ev_ebitda_ntm,ntm_revenue_growth,ntm_ebitda_margin
CRTO,1.1,5.8,0.039380735096588015,0.13316961861767415
MGNI,2.2,10.5,0.21624013149714227,0.24912601432693088
PERI,1.4,7.0,0.07632580027791125,0.19446200506576575
PUBM,2.0,7.8,0.1054652690508906,0.22514817509318388
TTD,17.0,42.0,0.26563107270420927,0.3153583996232684
