Variable,Correlation_to_Value
value_per_share,1.0
avg_margin,0.8765044666927965
avg_growth,0.8598437664292057
long_run_growth_draw,0.4688116441089717
terminal_margin_draw,0.45940785283802044
terminal_growth_draw,0.4491463067017078
particle_quality_draw,0.02887322523002279
jump_count,0.020036878067712063
capex_pct_draw,-0.37183776344734354
nwc_pct_draw,-0.4200024932892526
avg_wacc,-0.4312587596644379
