Variable,Correlation_to_Value
value_per_share,1.0
avg_margin,0.8634871948677805
avg_growth,0.8609239315269169
long_run_growth_draw,0.46164230172881404
terminal_margin_draw,0.4610846187053453
terminal_growth_draw,0.45210875447796145
particle_quality_draw,0.037873995676481205
jump_count,0.0168343771839971
capex_pct_draw,-0.428956079406605
nwc_pct_draw,-0.44153860550691476
avg_wacc,-0.4484423071717566
