end_regime,count,mean,median,min,max
Bear,1468,1493.361714539509,1381.5236733646257,218.2583225792687,4266.14759814435
Base,1970,2075.274910386739,1933.4882105521729,225.9106146755851,6442.4311312686095
Bull,1562,2512.601979789622,2354.664588447409,440.5466920238671,8374.205812906324
