Horizon,mean,median,p10,p25,p75,p90,prob_above_current
1Y,1423.6614806330829,1475.0696934898183,897.4753776703132,1106.619398765812,1705.1314573371492,1901.9488541877931,0.1928
2Y,1656.4662112044714,1650.773875547605,950.5574204831473,1275.0923162618897,2024.7836303645377,2360.994490352188,0.4132
5Y,2763.5491071357214,2502.260813310261,1079.4291105481711,1675.8509628236318,3619.003384791801,4756.9682819469235,0.7234
10Y,3264.801045129078,2952.436468509287,1267.0321745289148,1970.5502412232543,4286.3497187895355,5645.856539467359,0.7984
