state,Bear,Base,Bull
Bear,0.48,0.3501493805052317,0.16985061949476835
Base,0.23674193548387099,0.48,0.283258064516129
Bull,0.17525000000000002,0.34475,0.48
