Metric,Value
mean,2041.046172567453
median,1860.2160526627845
std,1059.4447928648854
p5,649.6551391735321
p10,837.3497607425552
p25,1259.9015996336364
p75,2644.4608465690094
p90,3435.89907429323
p95,4041.347695833444
prob_above_current,0.5386
