Method,Implied EV,Implied Equity Value,Implied Value / Share
Peer Median EV/Revenue,70400000000.0,72128000000.0,1406.0038986354775
Peer Median EV/EBITDA,40170000000.0,41898000000.0,816.7251461988304
Adj EV/Revenue,72462879357.94598,74190879357.94598,1446.2159718897854
Adj EV/EBITDA,41347071929.10071,43075071929.10071,839.6700181111249
