Horizon,benchmark_cagr,benchmark_value,mean_cagr,median_cagr,p25_cagr,p75_cagr,mean_alpha,median_alpha,prob_beat_benchmark
1Y,0.08,1907.388,-0.22427698229973503,-0.21109319879746408,-0.3808966989491359,-0.08353167902283695,-0.30427698229973504,-0.2910931987974641,0.0534
2Y,0.08,2059.97904,-0.08756265382668638,-0.08161438851863573,-0.1858338970402646,0.014913053581878,-0.1675626538266864,-0.16161438851863574,0.1208
5Y,0.08,2594.9803164364807,0.018914295512032133,0.02109751688417849,-0.055207500761183276,0.09848329265174799,-0.061085704487967865,-0.05890248311582151,0.305
