Scenario,Value / Share,Upside / Downside,Avg WACC,Terminal Growth
Bear,1134.7639847433882,-0.3574746703225252,0.10900000000000001,0.024
Base,2947.3215154799286,0.6688304826906339,0.0995,0.035
Bull,4429.856870809563,1.5082706929446594,0.0924,0.038
