Variable,First Order (S1),First Order Conf,Total Order (ST),Total Order Conf
terminal_ebit_margin,0.6358187746434791,0.22194891904789021,0.6814153214939432,0.17255630197662436
wacc,0.17447685282870332,0.11137218428664071,0.1992858261125656,0.06675714421473605
long_run_growth,0.07688034307045333,0.06158040780350922,0.08938021195063123,0.028023355074066617
terminal_growth,0.03853940053134138,0.04820437144642371,0.03608424766306405,0.012161333817777571
d_and_a_pct,0.00796937764133816,0.02573498836679893,0.012682335380411846,0.004101966505532494
capex_pct,-0.0009051426382467718,0.005456762012993431,0.00048764022040496176,0.00015520596280208825
nwc_pct,-1.6746138001676725e-05,0.00015779638120941322,4.338818085246776e-07,1.4396221905484046e-07
