Regime,Peer Likelihood,Macro Prior,HMM Posterior,Final Start Probability
Bear,3.2751952209134504e-05,0.152,0.0011704199926396925,0.1977234700351429
Base,0.0326239231552104,0.492,0.00230342972209316,0.29658520505271435
Bull,0.9673433248925805,0.356,0.9965261502852671,0.5056913249121426
