Variable,First Order (S1),First Order Conf,Total Order (ST),Total Order Conf
terminal_ebit_margin,0.5368313997007291,0.23279349130132745,0.4240063043268589,0.16006761529954705
persistence_cap,0.16579161601997752,0.1618771592396371,0.24163386653001875,0.1564589284000225
shrinkage,0.09250822991612148,0.13608094609061183,0.11902992761430524,0.05421471996620836
terminal_growth,0.07201099630531133,0.07402252979188201,0.06118555007987118,0.028716346552320228
long_run_growth,0.08163109580470701,0.0724535538476788,0.05042570704404243,0.018091344241327263
bear_wacc,0.026094965220344494,0.0880940138971686,0.04290299649415466,0.020989585610903097
bull_wacc,0.033506018555348245,0.06182229466683385,0.029905684416156385,0.00986740326433797
macro_stress_level,0.0015726035750306237,0.003723148978563609,0.00045716188576707816,0.0006030781463560578
jump_prob,0.0008751817664977906,0.00406984662530955,0.00011646406169653508,4.601535303142063e-05
