Variable,Low Case Value,Base Case Value,High Case Value,Low Delta,High Delta,Range
Terminal EBIT Margin,1169.2182645345154,1725.5519630895528,3029.8901268514815,-556.3336985550375,1304.3381637619286,1860.671862316966
Long-Run Growth,1431.403954953201,1725.5519630895528,2090.235524410258,-294.1480081363518,364.6835613207054,658.8315694570572
Start Growth,1528.9991836553584,1725.5519630895528,1939.0111582665138,-196.55277943419446,213.45919517696098,410.01197461115544
Terminal Growth,1513.5297939420145,1725.5519630895528,1914.0161134429202,-212.0221691475383,188.46415035336736,400.48631950090567
WACC Path,1937.468170917055,1725.5519630895528,1553.593639543093,211.91620782750215,-171.95832354645972,383.8745313739619
Capex % Revenue,1751.3535492557037,1725.5519630895528,1698.2263676592593,25.801586166150855,-27.32559543029356,53.127181596444416
NWC % Incremental Rev,1726.3694495700313,1725.5519630895528,1724.7218789947522,0.8174864804784647,-0.830084094800668,1.6475705752791328
