state,Bear,Base,Bull
Bear,0.8124187581241876,0.18748125187481252,9.999000099990002e-05
Base,0.16129032258064516,0.6129032258064516,0.22580645161290322
Bull,0.03125,0.21875,0.75
