Horizon,mean,median,p10,p25,p75,p90,prob_above_current
1Y,11.054855077294219,11.064972397432722,6.626069236037276,8.665848576125715,13.45812690504493,15.44808145007383,0.5516
2Y,12.68829168421899,12.350592470121395,6.741450545659225,9.40643989246432,15.624624866525258,19.14113528223063,0.6526
5Y,20.84602232945463,17.915115439270117,7.039072560058642,11.084466464890452,27.973585834572354,38.71615259653633,0.774
10Y,24.467782800289626,21.04122205732247,8.12469759360968,12.883076606300188,32.880249400372435,45.59153698643711,0.8324
