Metric,Value
mean,22.004415524209808
median,19.342036846971308
std,12.514223595512075
p5,6.197239227078961
p10,8.111448499275427
p25,12.297390250113873
p75,29.277841583333384
p90,39.311470897938314
p95,46.5475137802584
prob_above_current,0.8212
