state,Bear,Base,Bull
Bear,0.48000000000000004,0.34752104302925185,0.17247895697074814
Base,0.243491935483871,0.48,0.2765080645161291
Bull,0.18200000000000002,0.338,0.48
